Шлях до файлу,Справжній клас,Розпізнаний клас
/Users/viktorhryshchenko/Projects/design-neural-networks/lab04//raw-img/cavallo/OIP-RFVBQDdV32kcr66WauPPOAHaMW.jpeg,cavallo,mucca
/Users/viktorhryshchenko/Projects/design-neural-networks/lab04//raw-img/cane/OIP-pJtxad2fLHi2Agw677dueQHaEA.jpeg,cane,cane
/Users/viktorhryshchenko/Projects/design-neural-networks/lab04//raw-img/mucca/OIP-vzUk2n8IreT80FoKiSWX6QHaEL.jpeg,mucca,cane
/Users/viktorhryshchenko/Projects/design-neural-networks/lab04//raw-img/cane/OIP-YMItUZcrTp-yvVD_FnLVigHaFj.jpeg,cane,pecora
/Users/viktorhryshchenko/Projects/design-neural-networks/lab04//raw-img/cane/OIP-QL1_0pt2OBMWAm8TVHcn-AHaFj.jpeg,cane,cane
/Users/viktorhryshchenko/Projects/design-neural-networks/lab04//raw-img/gallina/573.jpeg,gallina,cane
/Users/viktorhryshchenko/Projects/design-neural-networks/lab04//raw-img/scoiattolo/OIP-H_13v63XAeEANHDc6PyPHwHaKD.jpeg,scoiattolo,cane
/Users/viktorhryshchenko/Projects/design-neural-networks/lab04//raw-img/cane/OIP-ptb3J0qnyKS0Wtt7cnAZoAHaEK.jpeg,cane,mucca
/Users/viktorhryshchenko/Projects/design-neural-networks/lab04//raw-img/gatto/1573.jpeg,gatto,cane
/Users/viktorhryshchenko/Projects/design-neural-networks/lab04//raw-img/gallina/OIP-S8bjrZRD4nCWgig5nQsSEQHaFj.jpeg,gallina,cane
/Users/viktorhryshchenko/Projects/design-neural-networks/lab04//raw-img/cavallo/OIP-l3WdA33viaIfIy_NCsvvFgHaE8.jpeg,cavallo,mucca
/Users/viktorhryshchenko/Projects/design-neural-networks/lab04//raw-img/cane/OIP-yqcuOBW2EiwbSTkVsn1vTwHaHa.jpeg,cane,pecora
/Users/viktorhryshchenko/Projects/design-neural-networks/lab04//raw-img/mucca/OIP-TGK7Hz88VJA-76COa0xINAHaED.jpeg,mucca,mucca
/Users/viktorhryshchenko/Projects/design-neural-networks/lab04//raw-img/cavallo/OIP-N5UDFTE8qWPeVpSHN0qAWgHaC0.jpeg,cavallo,mucca
/Users/viktorhryshchenko/Projects/design-neural-networks/lab04//raw-img/elefante/OIP-fDJmfi8S3t2jbP6E9ETwHQAAAA.jpeg,elefante,cane
/Users/viktorhryshchenko/Projects/design-neural-networks/lab04//raw-img/ragno/OIP-pjfGQbCUCFnabjlBwQRqWQHaG9.jpeg,ragno,cane
/Users/viktorhryshchenko/Projects/design-neural-networks/lab04//raw-img/ragno/OIP-giezsU3GG1RWMDUMIKZzaQHaFj.jpeg,ragno,pecora
/Users/viktorhryshchenko/Projects/design-neural-networks/lab04//raw-img/mucca/OIP-86kp1q6ZdfZY-CQZ6QFSwgHaE8.jpeg,mucca,mucca
/Users/viktorhryshchenko/Projects/design-neural-networks/lab04//raw-img/farfalla/ea36b90c2cf3053ed1584d05fb1d4e9fe777ead218ac104497f5c97faee9bdba_640.jpg,farfalla,cane
/Users/viktorhryshchenko/Projects/design-neural-networks/lab04//raw-img/cane/OIP-NyRfjWeRkfgvVQvhVomoagHaFj.jpeg,cane,cane
/Users/viktorhryshchenko/Projects/design-neural-networks/lab04//raw-img/ragno/OIP-ZfpKmVO0DVFjREjxCETW9AHaEv.jpeg,ragno,scoiattolo
/Users/viktorhryshchenko/Projects/design-neural-networks/lab04//raw-img/cane/OIP-Db8DLdMOt3xa4vd4Bbhw3QHaIV.jpeg,cane,cane
/Users/viktorhryshchenko/Projects/design-neural-networks/lab04//raw-img/ragno/OIP-gqm68Df8moHky0S8MYHn_gHaGl.jpeg,ragno,ragno
/Users/viktorhryshchenko/Projects/design-neural-networks/lab04//raw-img/gatto/1356.jpeg,gatto,cane
/Users/viktorhryshchenko/Projects/design-neural-networks/lab04//raw-img/cane/OIP-fZIQnwmn-vDRbJhrm4A3RwHaJ4.jpeg,cane,cane
/Users/viktorhryshchenko/Projects/design-neural-networks/lab04//raw-img/cane/OIP-6jjvOZ1vqA7TZbz1s-wglAHaL2.jpeg,cane,cane
/Users/viktorhryshchenko/Projects/design-neural-networks/lab04//raw-img/elefante/ea37b70b28f0003ed1584d05fb1d4e9fe777ead218ac104497f5c978a4efb4bb_640.jpg,elefante,cane
/Users/viktorhryshchenko/Projects/design-neural-networks/lab04//raw-img/gatto/ea36b60c2cf7083ed1584d05fb1d4e9fe777ead218ac104497f5c979aee4b1bf_640.jpg,gatto,scoiattolo
/Users/viktorhryshchenko/Projects/design-neural-networks/lab04//raw-img/cavallo/OIP-RaIILzWfVjE_aOyI20rXPwAAAA.jpeg,cavallo,cavallo
/Users/viktorhryshchenko/Projects/design-neural-networks/lab04//raw-img/ragno/OIP-6xDgip4ju6n3oI04R5pE-gHaGS.jpeg,ragno,ragno
/Users/viktorhryshchenko/Projects/design-neural-networks/lab04//raw-img/ragno/OIP-m26zxZO803fxYv-82eA98wHaFj.jpeg,ragno,ragno
/Users/viktorhryshchenko/Projects/design-neural-networks/lab04//raw-img/gallina/OIP-KHcZZwSDjJUS4NkIaZ6-wAHaFJ.jpeg,gallina,pecora
/Users/viktorhryshchenko/Projects/design-neural-networks/lab04//raw-img/cavallo/OIP-ksyKhM8c3e-EBdUP9xAolgHaIF.jpeg,cavallo,mucca
/Users/viktorhryshchenko/Projects/design-neural-networks/lab04//raw-img/ragno/OIP-7eDy3xBbvHSpsUFYrCWWHAHaE8.jpeg,ragno,ragno
/Users/viktorhryshchenko/Projects/design-neural-networks/lab04//raw-img/gallina/OIP-d1er-aMJdSJ1IZeJ6fPdsQHaJE.jpeg,gallina,ragno
/Users/viktorhryshchenko/Projects/design-neural-networks/lab04//raw-img/cavallo/OIP-nCCtsGFrGHcgGT5JaxYW8QHaF7.jpeg,cavallo,elefante
/Users/viktorhryshchenko/Projects/design-neural-networks/lab04//raw-img/gallina/OIP-jH8Oi1sqfMg8IGnVEXVKcgHaE8.jpeg,gallina,cane
/Users/viktorhryshchenko/Projects/design-neural-networks/lab04//raw-img/cane/OIP-jA_cwGnd0_PsqgfC5Ijv2AHaJC.jpeg,cane,scoiattolo
/Users/viktorhryshchenko/Projects/design-neural-networks/lab04//raw-img/cane/OIP-IqOxs22GYwgpxajdG76u7QEsDh.jpeg,cane,cavallo
/Users/viktorhryshchenko/Projects/design-neural-networks/lab04//raw-img/ragno/eb32b4082cfd093ed1584d05fb1d4e9fe777ead218ac104497f5c97ca5ecb3b9_640.jpg,ragno,ragno
/Users/viktorhryshchenko/Projects/design-neural-networks/lab04//raw-img/cane/OIP-5FZDmq050jjAL3mYkLEKGQHaFm.jpeg,cane,mucca
/Users/viktorhryshchenko/Projects/design-neural-networks/lab04//raw-img/ragno/OIP-F3R7AG_h3xFDQGldVvQagQAAAA.jpeg,ragno,ragno
/Users/viktorhryshchenko/Projects/design-neural-networks/lab04//raw-img/ragno/OIP-gW2qAMQpqVfTaqeObGYAXAAAAA.jpeg,ragno,cane
/Users/viktorhryshchenko/Projects/design-neural-networks/lab04//raw-img/ragno/OIP-YzTljtpKSBJZmQmdHOQ-OwHaLH.jpeg,ragno,gallina
/Users/viktorhryshchenko/Projects/design-neural-networks/lab04//raw-img/scoiattolo/OIP-XqwdlRXhVZG6niIOcTkgEQHaGY.jpeg,scoiattolo,cane
/Users/viktorhryshchenko/Projects/design-neural-networks/lab04//raw-img/cavallo/OIP-yTjhzk9bEA33_rJtS8VqAAHaGc.jpeg,cavallo,mucca
/Users/viktorhryshchenko/Projects/design-neural-networks/lab04//raw-img/cane/OIP-WioOCeH2RC2DoqjN5MNJOQHaEo.jpeg,cane,cane
/Users/viktorhryshchenko/Projects/design-neural-networks/lab04//raw-img/gatto/546.jpeg,gatto,ragno
/Users/viktorhryshchenko/Projects/design-neural-networks/lab04//raw-img/ragno/OIP-Oah_NcxDPBObP38IpQekJgHaE7.jpeg,ragno,pecora
/Users/viktorhryshchenko/Projects/design-neural-networks/lab04//raw-img/pecora/OIP-YenG4YuU1dBbEaRLp_AYugHaF2.jpeg,pecora,mucca
/Users/viktorhryshchenko/Projects/design-neural-networks/lab04//raw-img/gallina/OIP-UyoNnt4-F-Lx0qW_9LsHUQHaGk.jpeg,gallina,mucca
/Users/viktorhryshchenko/Projects/design-neural-networks/lab04//raw-img/cane/OIP-K2IJLZ51b7jxUZ5BqbK8tQHaFj.jpeg,cane,cavallo
/Users/viktorhryshchenko/Projects/design-neural-networks/lab04//raw-img/farfalla/OIP-6R-OHSA-zARTS0IrkMy62QHaFn.jpeg,farfalla,cane
/Users/viktorhryshchenko/Projects/design-neural-networks/lab04//raw-img/cane/OIP-QDFTnKTTfra1VlmCra33WAHaFk.jpeg,cane,ragno
/Users/viktorhryshchenko/Projects/design-neural-networks/lab04//raw-img/pecora/OIP-TVDTlKEBgay-UhCiqF6RsQHaJa.jpeg,pecora,pecora
/Users/viktorhryshchenko/Projects/design-neural-networks/lab04//raw-img/ragno/OIP-fuHI86Y9ZxdSEGWi48OE-gEsEi.jpeg,ragno,ragno
/Users/viktorhryshchenko/Projects/design-neural-networks/lab04//raw-img/ragno/OIP-QnpeVCHhj0GldUSLZu6BUwHaE8.jpeg,ragno,scoiattolo
/Users/viktorhryshchenko/Projects/design-neural-networks/lab04//raw-img/ragno/OIP-xJUDJvNIqlH0bfn0vPg0jgHaE7.jpeg,ragno,ragno
/Users/viktorhryshchenko/Projects/design-neural-networks/lab04//raw-img/cane/OIP-mdGJTkpPHSOtJHurMZGwoAHaFj.jpeg,cane,cavallo
/Users/viktorhryshchenko/Projects/design-neural-networks/lab04//raw-img/pecora/OIP-QNxV9kxnlXrV6dIbWPBXzQHaE5.jpeg,pecora,pecora
/Users/viktorhryshchenko/Projects/design-neural-networks/lab04//raw-img/gatto/785.jpeg,gatto,cane
/Users/viktorhryshchenko/Projects/design-neural-networks/lab04//raw-img/pecora/OIP-mCNCJM9AN_XzBDJggCe7uQHaDU.jpeg,pecora,mucca
/Users/viktorhryshchenko/Projects/design-neural-networks/lab04//raw-img/cane/OIP-MclH16nH_eC9GMklYBEFOwHaFj.jpeg,cane,mucca
/Users/viktorhryshchenko/Projects/design-neural-networks/lab04//raw-img/ragno/OIP-V0t4KmWwOQkXwMDOm9jNqAHaEs.jpeg,ragno,gallina
/Users/viktorhryshchenko/Projects/design-neural-networks/lab04//raw-img/pecora/OIP-tkppSqEC-mOxDliionZ4XgAAAA.jpeg,pecora,mucca
/Users/viktorhryshchenko/Projects/design-neural-networks/lab04//raw-img/farfalla/OIP-bs1Au6L93FOzbJHrZvgxkAHaFX.jpeg,farfalla,cane
/Users/viktorhryshchenko/Projects/design-neural-networks/lab04//raw-img/pecora/OIP-gq5AFmd3xARPbiAadxTnzQHaF0.jpeg,pecora,mucca
/Users/viktorhryshchenko/Projects/design-neural-networks/lab04//raw-img/ragno/OIP-QrZDtkYlpz_dfmT_4x1yiAHaEt.jpeg,ragno,scoiattolo
/Users/viktorhryshchenko/Projects/design-neural-networks/lab04//raw-img/pecora/OIP-62lec-tV-ALjXHIQ53_AgAHaFT.jpeg,pecora,mucca
/Users/viktorhryshchenko/Projects/design-neural-networks/lab04//raw-img/cavallo/OIP-uMXPOa_hGbb3DRMFOn7mFQHaGY.jpeg,cavallo,elefante
/Users/viktorhryshchenko/Projects/design-neural-networks/lab04//raw-img/cane/OIP--LafQFfr5Kd-NMLdQYKKNQHaER.jpeg,cane,pecora
/Users/viktorhryshchenko/Projects/design-neural-networks/lab04//raw-img/cane/OIP-YyleXNhHclyVkSf4dwVD8gHaF2.jpeg,cane,scoiattolo
/Users/viktorhryshchenko/Projects/design-neural-networks/lab04//raw-img/gatto/810.jpeg,gatto,cane
/Users/viktorhryshchenko/Projects/design-neural-networks/lab04//raw-img/ragno/ea35b40e2cfd043ed1584d05fb1d4e9fe777ead218ac104497f5c97ca5ecb5b1_640.jpg,ragno,cane
/Users/viktorhryshchenko/Projects/design-neural-networks/lab04//raw-img/ragno/OIP-WYLD-z6-0vNCnf1McIqYVgHaFj.jpeg,ragno,scoiattolo
/Users/viktorhryshchenko/Projects/design-neural-networks/lab04//raw-img/cavallo/OIP-CNIkS7KhrlNHww2EbWBJpQHaFO.jpeg,cavallo,cane
/Users/viktorhryshchenko/Projects/design-neural-networks/lab04//raw-img/gallina/579.jpeg,gallina,pecora
/Users/viktorhryshchenko/Projects/design-neural-networks/lab04//raw-img/gallina/OIP-157iq1hi2vMDHqIidR0SMgHaLG.jpeg,gallina,mucca
/Users/viktorhryshchenko/Projects/design-neural-networks/lab04//raw-img/elefante/OIP-e8Guavd1y-ux_IgUgXU7AgHaFM.jpeg,elefante,cane
/Users/viktorhryshchenko/Projects/design-neural-networks/lab04//raw-img/ragno/OIP-6HD_pA1vevX9YzwNVpU8mgHaFH.jpeg,ragno,scoiattolo
/Users/viktorhryshchenko/Projects/design-neural-networks/lab04//raw-img/pecora/OIP-998H8KPh1LIUzUzV7hcsBAHaF3.jpeg,pecora,pecora
/Users/viktorhryshchenko/Projects/design-neural-networks/lab04//raw-img/ragno/OIP-ssZz1M_z9LMtJJRUs12nMgHaE7.jpeg,ragno,ragno
/Users/viktorhryshchenko/Projects/design-neural-networks/lab04//raw-img/ragno/ea36b40c28f0033ed1584d05fb1d4e9fe777ead218ac104497f5c97ca5edb3bd_640.jpg,ragno,ragno
/Users/viktorhryshchenko/Projects/design-neural-networks/lab04//raw-img/gallina/1109.jpeg,gallina,pecora
/Users/viktorhryshchenko/Projects/design-neural-networks/lab04//raw-img/cane/OIP-4cS56xQG-327v0ebl_tlOAHaF8.jpeg,cane,cane
/Users/viktorhryshchenko/Projects/design-neural-networks/lab04//raw-img/ragno/OIP-REWpVQMj2wqQ2yuJUoEZpwHaFj.jpeg,ragno,scoiattolo
/Users/viktorhryshchenko/Projects/design-neural-networks/lab04//raw-img/gallina/1013.jpeg,gallina,cane
/Users/viktorhryshchenko/Projects/design-neural-networks/lab04//raw-img/gallina/OIP-8WI5eq75tPkAYD7wv_Ge6wHaHa.jpeg,gallina,cane
/Users/viktorhryshchenko/Projects/design-neural-networks/lab04//raw-img/farfalla/ea34b0082bf7043ed1584d05fb1d4e9fe777ead218ac104497f5c97faeebb5bb_640.jpg,farfalla,mucca
/Users/viktorhryshchenko/Projects/design-neural-networks/lab04//raw-img/ragno/OIP-38kguD5LC98x-WzjnoiRcgEsDk.jpeg,ragno,cane
/Users/viktorhryshchenko/Projects/design-neural-networks/lab04//raw-img/cavallo/OIP-NMFA7xoLfEumih3NMkv1jAAAAA.jpeg,cavallo,mucca
/Users/viktorhryshchenko/Projects/design-neural-networks/lab04//raw-img/pecora/eb37b8072bf2073ed1584d05fb1d4e9fe777ead218ac104497f5c978a6ebb3bf_640.jpg,pecora,mucca
/Users/viktorhryshchenko/Projects/design-neural-networks/lab04//raw-img/farfalla/ea37b60e29f3093ed1584d05fb1d4e9fe777ead218ac104497f5c97faeebb5bb_640.jpg,farfalla,cane
/Users/viktorhryshchenko/Projects/design-neural-networks/lab04//raw-img/ragno/OIP-wqKP--YjfNXxYmkqxNepFQHaLD.jpeg,ragno,ragno
/Users/viktorhryshchenko/Projects/design-neural-networks/lab04//raw-img/cavallo/OIP-eidOfdejd15R-QMAyYP78QHaEM.jpeg,cavallo,mucca
/Users/viktorhryshchenko/Projects/design-neural-networks/lab04//raw-img/elefante/OIP-oPpE3L2WrMtsciJ8yhaPrwHaEK.jpeg,elefante,pecora
/Users/viktorhryshchenko/Projects/design-neural-networks/lab04//raw-img/mucca/OIP-NTWcY9YIIcE6FxGxwXM8AAHaE6.jpeg,mucca,gallina
/Users/viktorhryshchenko/Projects/design-neural-networks/lab04//raw-img/gallina/OIP-mP81_3xL17FQ52QpgnlEFAHaFj.jpeg,gallina,cane
/Users/viktorhryshchenko/Projects/design-neural-networks/lab04//raw-img/gatto/211.jpeg,gatto,scoiattolo
/Users/viktorhryshchenko/Projects/design-neural-networks/lab04//raw-img/cavallo/OIP-KbOGMyfxjp9Bbv5hu3IQtwHaHa.jpeg,cavallo,mucca
/Users/viktorhryshchenko/Projects/design-neural-networks/lab04//raw-img/cavallo/OIP-YNdo4JVO8Zv-razWemwX8wHaFj.jpeg,cavallo,cane
/Users/viktorhryshchenko/Projects/design-neural-networks/lab04//raw-img/cavallo/OIP-JL5EpFvJn-HkVbRv2bFyKQHaEK.jpeg,cavallo,mucca
/Users/viktorhryshchenko/Projects/design-neural-networks/lab04//raw-img/cavallo/OIP-iR331DWqAoHzHDD3pPdRlQDHEs.jpeg,cavallo,mucca
/Users/viktorhryshchenko/Projects/design-neural-networks/lab04//raw-img/ragno/OIP-W85a_r5Ia7zmC1aMJ0I-_QAAAA.jpeg,ragno,cane
/Users/viktorhryshchenko/Projects/design-neural-networks/lab04//raw-img/gallina/OIP-uUM9xWWea_RWJZNbg0DiAwHaIe.jpeg,gallina,mucca
/Users/viktorhryshchenko/Projects/design-neural-networks/lab04//raw-img/mucca/OIP-1hS_06m-_uOxvVd8iK_-PQHaG3.jpeg,mucca,mucca
/Users/viktorhryshchenko/Projects/design-neural-networks/lab04//raw-img/cavallo/OIP-h0rQhRG5U-dstQ604FRtowHaGh.jpeg,cavallo,mucca
/Users/viktorhryshchenko/Projects/design-neural-networks/lab04//raw-img/cane/OIP-AHZm9N4WVxwIO4tZRT8npQHaH8.jpeg,cane,cane
/Users/viktorhryshchenko/Projects/design-neural-networks/lab04//raw-img/cavallo/OIP-Vf7DQAgpcswoy-xNiDQhywHaKw.jpeg,cavallo,cavallo
/Users/viktorhryshchenko/Projects/design-neural-networks/lab04//raw-img/ragno/OIP-uCWPd9Q7HcjW6B2nWkugewHaE7.jpeg,ragno,cane
/Users/viktorhryshchenko/Projects/design-neural-networks/lab04//raw-img/gallina/251.jpeg,gallina,cane
/Users/viktorhryshchenko/Projects/design-neural-networks/lab04//raw-img/farfalla/OIP-Jb0oPqp36OwZY5m8W_swegHaFT.jpeg,farfalla,cane
/Users/viktorhryshchenko/Projects/design-neural-networks/lab04//raw-img/gallina/OIP-uZdMhR9-a1f8mDN7rxWVVAHaJd.jpeg,gallina,gallina
/Users/viktorhryshchenko/Projects/design-neural-networks/lab04//raw-img/scoiattolo/OIP-j6U4Tj0kH0U_W65LzykoSAHaJQ.jpeg,scoiattolo,gallina
/Users/viktorhryshchenko/Projects/design-neural-networks/lab04//raw-img/mucca/OIP--iElGyS-VQQbJlaQbPLapQHaE7.jpeg,mucca,mucca
/Users/viktorhryshchenko/Projects/design-neural-networks/lab04//raw-img/ragno/OIP-ZIZCoITYQ15BVy17s7_1vwHaHa.jpeg,ragno,scoiattolo
/Users/viktorhryshchenko/Projects/design-neural-networks/lab04//raw-img/ragno/OIP-cieXc_m2UEAUHhIfTYivfgHaHL.jpeg,ragno,cane
/Users/viktorhryshchenko/Projects/design-neural-networks/lab04//raw-img/scoiattolo/OIP-5ZwfeYunG6CT2wEI7OjybQHaEo.jpeg,scoiattolo,mucca
/Users/viktorhryshchenko/Projects/design-neural-networks/lab04//raw-img/gallina/OIP-hTTu1U_DltH_dTrMiHb93gHaFj.jpeg,gallina,cane
/Users/viktorhryshchenko/Projects/design-neural-networks/lab04//raw-img/ragno/OIP-1faxe5kAqPZqI3nAcf7xlAHaGL.jpeg,ragno,ragno
/Users/viktorhryshchenko/Projects/design-neural-networks/lab04//raw-img/ragno/OIP-2TBe1T6l0Lj_y1iKgtogEgAAAA.jpeg,ragno,ragno
/Users/viktorhryshchenko/Projects/design-neural-networks/lab04//raw-img/ragno/OIP-JsfaijBKBfgZ-fFsx9CWewEcDb.jpeg,ragno,farfalla
/Users/viktorhryshchenko/Projects/design-neural-networks/lab04//raw-img/scoiattolo/OIP-AHAt88v7Jf_ljLCNbyPfjQHaEX.jpeg,scoiattolo,cane
/Users/viktorhryshchenko/Projects/design-neural-networks/lab04//raw-img/ragno/OIP-wGmMWBTdekGvTwqpBHhXNAHaEL.jpeg,ragno,scoiattolo
/Users/viktorhryshchenko/Projects/design-neural-networks/lab04//raw-img/pecora/OIP-EEwVrseArnCAE67qGtBdYgHaE8.jpeg,pecora,pecora
/Users/viktorhryshchenko/Projects/design-neural-networks/lab04//raw-img/scoiattolo/OIP-tFurPByRIO7gekyig_vkYgHaFi.jpeg,scoiattolo,cane
/Users/viktorhryshchenko/Projects/design-neural-networks/lab04//raw-img/mucca/OIP-8tmZAmdi_sAV40BLqQQYBQHaE7.jpeg,mucca,mucca
/Users/viktorhryshchenko/Projects/design-neural-networks/lab04//raw-img/mucca/OIP-OZzF65OpLXB1oF1Tou9uWgHaFj.jpeg,mucca,mucca
/Users/viktorhryshchenko/Projects/design-neural-networks/lab04//raw-img/farfalla/OIP-2VGR_89nC_TUGAuEQvFVmwHaFj.jpeg,farfalla,gallina
/Users/viktorhryshchenko/Projects/design-neural-networks/lab04//raw-img/farfalla/OIP-c_tcm4GJsz57RuikZk2QCAHaGC.jpeg,farfalla,cane
/Users/viktorhryshchenko/Projects/design-neural-networks/lab04//raw-img/ragno/OIP-0fM5PWqfYbMhI9yC3QSUNgHaE8.jpeg,ragno,ragno
/Users/viktorhryshchenko/Projects/design-neural-networks/lab04//raw-img/cavallo/OIP-HzyUyRLWf3l9P-kGpfuNpwHaE_.jpeg,cavallo,mucca
/Users/viktorhryshchenko/Projects/design-neural-networks/lab04//raw-img/cavallo/OIP-qJ4A9xVGzuEHUHuzHqAJxgAAAA.jpeg,cavallo,mucca
/Users/viktorhryshchenko/Projects/design-neural-networks/lab04//raw-img/scoiattolo/OIP-Dnzd5Zi2pMoZ5xrFNVPeKgHaHa.jpeg,scoiattolo,ragno
/Users/viktorhryshchenko/Projects/design-neural-networks/lab04//raw-img/pecora/OIP-w28N2IFidkfFI8CT8Nl8yAHaFj.jpeg,pecora,pecora
/Users/viktorhryshchenko/Projects/design-neural-networks/lab04//raw-img/gallina/606.jpeg,gallina,cane
/Users/viktorhryshchenko/Projects/design-neural-networks/lab04//raw-img/mucca/OIP-l_o5BaDwY6OY5ejYPJcnLAHaFT.jpeg,mucca,pecora
/Users/viktorhryshchenko/Projects/design-neural-networks/lab04//raw-img/elefante/ea36b10c2cfd063ed1584d05fb1d4e9fe777ead218ac104497f5c978a4efbcb0_640.jpg,elefante,pecora
/Users/viktorhryshchenko/Projects/design-neural-networks/lab04//raw-img/pecora/ea36b50e2ef5093ed1584d05fb1d4e9fe777ead218ac104497f5c978a6e8b0b1_640.jpg,pecora,cane
/Users/viktorhryshchenko/Projects/design-neural-networks/lab04//raw-img/ragno/OIP--m4jnueJjrxYnNCSc1bsnwHaGI.jpeg,ragno,cane
/Users/viktorhryshchenko/Projects/design-neural-networks/lab04//raw-img/elefante/OIP-Y6BQuvYoeS0tmqv4NnBLYgHaHk.jpeg,elefante,elefante
/Users/viktorhryshchenko/Projects/design-neural-networks/lab04//raw-img/elefante/OIP-q5VRKJx1XX64Bl5f5U4omgHaG8.jpeg,elefante,elefante
/Users/viktorhryshchenko/Projects/design-neural-networks/lab04//raw-img/cane/OIP-TqvyYTIYWXd7gec280GYngHaE7.jpeg,cane,mucca
/Users/viktorhryshchenko/Projects/design-neural-networks/lab04//raw-img/pecora/OIP-N_JNO1AUohCqveahhqlqjAHaF-.jpeg,pecora,pecora
/Users/viktorhryshchenko/Projects/design-neural-networks/lab04//raw-img/cavallo/OIP-RhaFju5cKt9OQyPSFC7iiAAAAA.jpeg,cavallo,cane
/Users/viktorhryshchenko/Projects/design-neural-networks/lab04//raw-img/ragno/OIP-4bVppNj57CYaXUK8TYXjPAHaE8.jpeg,ragno,cane
/Users/viktorhryshchenko/Projects/design-neural-networks/lab04//raw-img/cavallo/OIP-fbIzoe9-zhjGFINt0u2SiwHaFS.jpeg,cavallo,mucca
/Users/viktorhryshchenko/Projects/design-neural-networks/lab04//raw-img/ragno/OIP-EW6Gm3UyDTO4P-EorznQ_wHaF6.jpeg,ragno,cane
/Users/viktorhryshchenko/Projects/design-neural-networks/lab04//raw-img/pecora/OIP-Ws93ZgV0E3p9NfGLzqonLwHaFj.jpeg,pecora,mucca
/Users/viktorhryshchenko/Projects/design-neural-networks/lab04//raw-img/mucca/OIP-vDS1yqlpTSFcmsC4SQhmDQHaFO.jpeg,mucca,mucca
/Users/viktorhryshchenko/Projects/design-neural-networks/lab04//raw-img/scoiattolo/OIP-_b7M9TMyyPRiNxAbf_EmkQHaE8.jpeg,scoiattolo,cane
/Users/viktorhryshchenko/Projects/design-neural-networks/lab04//raw-img/farfalla/ec30b10a2ae90021d85a5854ee454296eb70e3c818b413449df6c87fa7ee_640.jpg,farfalla,cane
/Users/viktorhryshchenko/Projects/design-neural-networks/lab04//raw-img/farfalla/OIP-hbb2eDfHkgbko8tURcsozgHaEK.jpeg,farfalla,scoiattolo
/Users/viktorhryshchenko/Projects/design-neural-networks/lab04//raw-img/farfalla/OIP-6b7nYl25JU2PcryJMCo6fQHaE7.jpeg,farfalla,cane
/Users/viktorhryshchenko/Projects/design-neural-networks/lab04//raw-img/cane/OIP-jzP3UGQDz4D_4Fw4OaTT1wHaEK.jpeg,cane,cane
/Users/viktorhryshchenko/Projects/design-neural-networks/lab04//raw-img/cane/OIP-LZqLayHaaGtO2fGc048_5gHaJQ.jpeg,cane,cane
/Users/viktorhryshchenko/Projects/design-neural-networks/lab04//raw-img/cane/OIP-3Q2blzQrTFgESJBvEfQhagHaFj.jpeg,cane,cane
/Users/viktorhryshchenko/Projects/design-neural-networks/lab04//raw-img/gallina/OIP-lbTqnAO7Vx1f5QgHdspzkgHaFj.jpeg,gallina,cane
/Users/viktorhryshchenko/Projects/design-neural-networks/lab04//raw-img/gallina/OIP-OFbfJCmiSe2_6ZHep-_tCgHaFj.jpeg,gallina,cane
/Users/viktorhryshchenko/Projects/design-neural-networks/lab04//raw-img/cavallo/OIP-m4hSfpYm8G9IedWeKol5bgHaE-.jpeg,cavallo,pecora
/Users/viktorhryshchenko/Projects/design-neural-networks/lab04//raw-img/cane/OIP-MqsqT03bU5DlOMP2JxHa2AHaJ4.jpeg,cane,scoiattolo
/Users/viktorhryshchenko/Projects/design-neural-networks/lab04//raw-img/ragno/OIP-WGdewHFCK4Xo1GxHHqG-mAHaIO.jpeg,ragno,scoiattolo
/Users/viktorhryshchenko/Projects/design-neural-networks/lab04//raw-img/cavallo/OIP-smIZrMqdoXdWDjbaHIlAbgHaEo.jpeg,cavallo,mucca
/Users/viktorhryshchenko/Projects/design-neural-networks/lab04//raw-img/cane/OIP-ZGR0nj-S61PznMq2QWngTAHaLH.jpeg,cane,cane
/Users/viktorhryshchenko/Projects/design-neural-networks/lab04//raw-img/ragno/OIP-Mis0lJf3Xbf3ulUg4DQ_EwHaFz.jpeg,ragno,scoiattolo
/Users/viktorhryshchenko/Projects/design-neural-networks/lab04//raw-img/ragno/OIP-PdhkAW0EpslON9I7jckNvwHaGK.jpeg,ragno,ragno
/Users/viktorhryshchenko/Projects/design-neural-networks/lab04//raw-img/mucca/OIP-CFBnXS4AOjUg8l5scP1RUgHaE7.jpeg,mucca,cane
/Users/viktorhryshchenko/Projects/design-neural-networks/lab04//raw-img/scoiattolo/OIP-68GkTFEeugmi1KteeHQTKQHaFj.jpeg,scoiattolo,cane
/Users/viktorhryshchenko/Projects/design-neural-networks/lab04//raw-img/ragno/ea34b3072ff1043ed1584d05fb1d4e9fe777ead218ac104497f5c97ca5edb3bd_640.jpg,ragno,cane
/Users/viktorhryshchenko/Projects/design-neural-networks/lab04//raw-img/gallina/486.jpeg,gallina,cane
/Users/viktorhryshchenko/Projects/design-neural-networks/lab04//raw-img/gallina/OIP-7PQ7NzKqmhY1ZcZT3vjeTgHaFj.jpeg,gallina,pecora
/Users/viktorhryshchenko/Projects/design-neural-networks/lab04//raw-img/cane/OIP-sPSp-d0HN1yE-GfMxHSrtQHaF7.jpeg,cane,cane
/Users/viktorhryshchenko/Projects/design-neural-networks/lab04//raw-img/cane/OIP-1pWXyYosDRHiDD4jRKZA0AHaFj.jpeg,cane,cavallo
/Users/viktorhryshchenko/Projects/design-neural-networks/lab04//raw-img/cane/OIP-cNIb_cAIERZy-4m5qm4cuAHaFi.jpeg,cane,gallina
/Users/viktorhryshchenko/Projects/design-neural-networks/lab04//raw-img/cavallo/OIP-oJ8napQN6zLA5MG3qOI20AHaEK.jpeg,cavallo,mucca
/Users/viktorhryshchenko/Projects/design-neural-networks/lab04//raw-img/gallina/OIP-lrNiP4n7btiPnqAzaB__3wHaFj.jpeg,gallina,pecora
/Users/viktorhryshchenko/Projects/design-neural-networks/lab04//raw-img/pecora/OIP-fh-3VA2IFJyKDgiGEPKESQHaFX.jpeg,pecora,pecora
/Users/viktorhryshchenko/Projects/design-neural-networks/lab04//raw-img/mucca/OIP-8g2b87FExH7KawF6lqV9aQAAAA.jpeg,mucca,mucca
/Users/viktorhryshchenko/Projects/design-neural-networks/lab04//raw-img/farfalla/OIP-TfYs3tHczbuhAgCUaHoMnAHaHy.jpeg,farfalla,ragno
/Users/viktorhryshchenko/Projects/design-neural-networks/lab04//raw-img/cane/OIP-uc0Qk3SptgXWxqPCAgUlfAHaHD.jpeg,cane,ragno
/Users/viktorhryshchenko/Projects/design-neural-networks/lab04//raw-img/cavallo/OIP-uDY390fABKw-1tTan-pLaQHaFc.jpeg,cavallo,mucca
/Users/viktorhryshchenko/Projects/design-neural-networks/lab04//raw-img/scoiattolo/OIP-AyDZqNP7X_279FX1LCC-9wAAAA.jpeg,scoiattolo,ragno
/Users/viktorhryshchenko/Projects/design-neural-networks/lab04//raw-img/cavallo/OIP-yvj9D29ksmQgJ6LvWpQlrQHaFj.jpeg,cavallo,pecora
/Users/viktorhryshchenko/Projects/design-neural-networks/lab04//raw-img/ragno/OIP-OD-LVdbKDuHQFC5OPezyTwHaIN.jpeg,ragno,cane
/Users/viktorhryshchenko/Projects/design-neural-networks/lab04//raw-img/cane/OIP-l5Bwpe1u1AunfD8qU1gVIQHaGS.jpeg,cane,mucca
/Users/viktorhryshchenko/Projects/design-neural-networks/lab04//raw-img/cane/OIP-P8Z0qg-Is5jFetmonXuBlwAAAA.jpeg,cane,cane
/Users/viktorhryshchenko/Projects/design-neural-networks/lab04//raw-img/farfalla/OIP-dvUoIOMuocmKJ-TkSXSx3QHaEK.jpeg,farfalla,pecora
/Users/viktorhryshchenko/Projects/design-neural-networks/lab04//raw-img/gallina/OIP-DSvB2BHZvssXiEXQxunO6QHaHa.jpeg,gallina,gallina
/Users/viktorhryshchenko/Projects/design-neural-networks/lab04//raw-img/gallina/OIP-EJmJ3QtdcIKThmKl7hN6vAHaFj.jpeg,gallina,cane
/Users/viktorhryshchenko/Projects/design-neural-networks/lab04//raw-img/gatto/646.jpeg,gatto,mucca
/Users/viktorhryshchenko/Projects/design-neural-networks/lab04//raw-img/cane/OIP-z1IPLHRjG7f0Mkh5iH-y6QHaFi.jpeg,cane,cane
/Users/viktorhryshchenko/Projects/design-neural-networks/lab04//raw-img/mucca/OIP-LvXKqh8EPpGFcnZCe7FsBAHaHD.jpeg,mucca,mucca
/Users/viktorhryshchenko/Projects/design-neural-networks/lab04//raw-img/farfalla/OIP-FL_E8n3dA_g9YuLrvuRywQHaFY.jpeg,farfalla,gallina
/Users/viktorhryshchenko/Projects/design-neural-networks/lab04//raw-img/gallina/OIP-7mfkhF5dOuWxrXtxpah02AEsCo.jpeg,gallina,cane
/Users/viktorhryshchenko/Projects/design-neural-networks/lab04//raw-img/cane/OIP-NqkTgpqZKhQf8CrBsguBNwHaH4.jpeg,cane,mucca
/Users/viktorhryshchenko/Projects/design-neural-networks/lab04//raw-img/cavallo/OIP-3xr8X78QY3ZljfPkqKbF-QHaHa.jpeg,cavallo,mucca
/Users/viktorhryshchenko/Projects/design-neural-networks/lab04//raw-img/gatto/ea36b90c2cf4003ed1584d05fb1d4e9fe777ead218ac104497f5c978a7eebdbb_640.jpg,gatto,scoiattolo
/Users/viktorhryshchenko/Projects/design-neural-networks/lab04//raw-img/cane/OIP-oyXE7TPyhzEC8WpUwt8s5gHaFj.jpeg,cane,cane
/Users/viktorhryshchenko/Projects/design-neural-networks/lab04//raw-img/ragno/eb34b20a2dfc1c22d2524518b7444f92e37fe5d404b0144390f8c47ba7ebb0_640.jpg,ragno,ragno
/Users/viktorhryshchenko/Projects/design-neural-networks/lab04//raw-img/cavallo/OIP-Knve0JzUtZ1zfy-GL63fpQHaHQ.jpeg,cavallo,cavallo
/Users/viktorhryshchenko/Projects/design-neural-networks/lab04//raw-img/ragno/OIP-NDJS-cBWgvkqjt7k2QrtsAHaE8.jpeg,ragno,pecora
/Users/viktorhryshchenko/Projects/design-neural-networks/lab04//raw-img/scoiattolo/OIP-eBOGY_xCHCf93E4tJ3nHjQHaLJ.jpeg,scoiattolo,cane
/Users/viktorhryshchenko/Projects/design-neural-networks/lab04//raw-img/ragno/OIP-ppMTN3R12CSlJRhVMe611wHaIj.jpeg,ragno,cane
/Users/viktorhryshchenko/Projects/design-neural-networks/lab04//raw-img/farfalla/eb35b70a21f2063ed1584d05fb1d4e9fe777ead218ac104497f5c97faeebb5bb_640.jpg,farfalla,cane
/Users/viktorhryshchenko/Projects/design-neural-networks/lab04//raw-img/gatto/ea36b60b2af6073ed1584d05fb1d4e9fe777ead218ac104497f5c978a7eebdbb_640.jpg,gatto,scoiattolo
/Users/viktorhryshchenko/Projects/design-neural-networks/lab04//raw-img/gatto/1192.jpeg,gatto,ragno
/Users/viktorhryshchenko/Projects/design-neural-networks/lab04//raw-img/ragno/OIP-fr0_XE5NAIkTZg6YN_amiQHaE7.jpeg,ragno,scoiattolo
/Users/viktorhryshchenko/Projects/design-neural-networks/lab04//raw-img/cavallo/OIP-AJmS7nh9_gRwXU0kNdUq8wHaE6.jpeg,cavallo,mucca
/Users/viktorhryshchenko/Projects/design-neural-networks/lab04//raw-img/cane/OIP-8s5kL5ETmSdt7XjoO-5J-gHaE7.jpeg,cane,cane
/Users/viktorhryshchenko/Projects/design-neural-networks/lab04//raw-img/ragno/OIP-WXQnawzJnavgJQrAG0hXQwHaE7.jpeg,ragno,cane
/Users/viktorhryshchenko/Projects/design-neural-networks/lab04//raw-img/cane/OIP-PI72OVgnbpGuRo4qPXwOgQHaFj.jpeg,cane,cane
/Users/viktorhryshchenko/Projects/design-neural-networks/lab04//raw-img/farfalla/OIP-T80FJQTrh1O28ROLV_oyDgHaHa.jpeg,farfalla,farfalla
/Users/viktorhryshchenko/Projects/design-neural-networks/lab04//raw-img/cane/OIP-jB35fgR-eJoEJwSXZatV5AHaHk.jpeg,cane,cane
/Users/viktorhryshchenko/Projects/design-neural-networks/lab04//raw-img/cavallo/OIP-QxkyB80-JNxjn267l1t2oQHaLI.jpeg,cavallo,mucca
/Users/viktorhryshchenko/Projects/design-neural-networks/lab04//raw-img/ragno/OIP-I0CgIpYcvwBVoDgEhOR6KwHaMX.jpeg,ragno,ragno
/Users/viktorhryshchenko/Projects/design-neural-networks/lab04//raw-img/gatto/1408.jpeg,gatto,ragno
/Users/viktorhryshchenko/Projects/design-neural-networks/lab04//raw-img/cane/OIP-NiMLo0xKBwT0USrWGM8VXwHaJ4.jpeg,cane,cane
/Users/viktorhryshchenko/Projects/design-neural-networks/lab04//raw-img/cavallo/OIP-0ee38XjYJ5lMmv-ZIhi4MAHaHa.jpeg,cavallo,cane
/Users/viktorhryshchenko/Projects/design-neural-networks/lab04//raw-img/gallina/OIP-IrAPk-lvzosFMD4Pb7y0cwHaFj.jpeg,gallina,cane
/Users/viktorhryshchenko/Projects/design-neural-networks/lab04//raw-img/cavallo/OIP-R3__kNktO9XD7al-LEYV_gHaLG.jpeg,cavallo,mucca
/Users/viktorhryshchenko/Projects/design-neural-networks/lab04//raw-img/ragno/OIP-WFp_Zb4JP9uTn7wgJT_JEAEsD3.jpeg,ragno,cane
/Users/viktorhryshchenko/Projects/design-neural-networks/lab04//raw-img/scoiattolo/OIP-sXsBWYcDPWBK5MUdROls6AHaFc.jpeg,scoiattolo,cane
/Users/viktorhryshchenko/Projects/design-neural-networks/lab04//raw-img/ragno/OIP-dr82EbZ0yYZbFLVxgQ2pxQAAAA.jpeg,ragno,ragno
/Users/viktorhryshchenko/Projects/design-neural-networks/lab04//raw-img/cane/OIP-QhHd05O89rDYMi3-joSwAwHaEK.jpeg,cane,cane
/Users/viktorhryshchenko/Projects/design-neural-networks/lab04//raw-img/pecora/OIP-lLAkD05WLi0pQvykmzYHcgHaFD.jpeg,pecora,pecora
/Users/viktorhryshchenko/Projects/design-neural-networks/lab04//raw-img/gallina/671.jpeg,gallina,mucca
/Users/viktorhryshchenko/Projects/design-neural-networks/lab04//raw-img/ragno/OIP-cizynxvvC7PenVyqIJ-7iQHaE7.jpeg,ragno,ragno
/Users/viktorhryshchenko/Projects/design-neural-networks/lab04//raw-img/elefante/OIP-r6Y24bJ20hSQIxUWGVUhCQHaFj.jpeg,elefante,pecora
/Users/viktorhryshchenko/Projects/design-neural-networks/lab04//raw-img/cavallo/OIP-6qY3Kl-V2N1gFEOyB7f5zwHaFe.jpeg,cavallo,mucca
/Users/viktorhryshchenko/Projects/design-neural-networks/lab04//raw-img/ragno/OIP-DRiL3DgIQpZIbhtCsQBaAAHaF0.jpeg,ragno,ragno
/Users/viktorhryshchenko/Projects/design-neural-networks/lab04//raw-img/pecora/OIP-LjQ3OKEIjYKafdVA_3-wHAHaFj.jpeg,pecora,pecora
/Users/viktorhryshchenko/Projects/design-neural-networks/lab04//raw-img/ragno/OIP-Xs4VJaimKlGSYynrkjYJ1gHaFj.jpeg,ragno,ragno
/Users/viktorhryshchenko/Projects/design-neural-networks/lab04//raw-img/pecora/ea36b20621f0013ed1584d05fb1d4e9fe777ead218ac104497f5c978a6e8b0b1_640.jpg,pecora,pecora
/Users/viktorhryshchenko/Projects/design-neural-networks/lab04//raw-img/gallina/OIP-C--PUldQyV0SyahvD9sgOgHaFj.jpeg,gallina,gallina
/Users/viktorhryshchenko/Projects/design-neural-networks/lab04//raw-img/ragno/OIP-C_VsRcn82F7NJcoG-whj3QHaCu.jpeg,ragno,mucca
/Users/viktorhryshchenko/Projects/design-neural-networks/lab04//raw-img/cane/OIP-g6CiZ45l-zwSTXpEQF8qVQHaIW.jpeg,cane,ragno
/Users/viktorhryshchenko/Projects/design-neural-networks/lab04//raw-img/elefante/ea35b90a2cf4093ed1584d05fb1d4e9fe777ead218ac104497f5c978a4eebdbd_640.jpg,elefante,cane
/Users/viktorhryshchenko/Projects/design-neural-networks/lab04//raw-img/farfalla/OIP-IBqr8QOOid0xr88Dsg9-ywHaFj.jpeg,farfalla,mucca
/Users/viktorhryshchenko/Projects/design-neural-networks/lab04//raw-img/elefante/OIP-gajSi1snxc3O7GEqMfTuwAHaEr.jpeg,elefante,pecora
/Users/viktorhryshchenko/Projects/design-neural-networks/lab04//raw-img/farfalla/ea36b20c29f3073ed1584d05fb1d4e9fe777ead218ac104497f5c97faee9bdba_640.jpg,farfalla,cane
/Users/viktorhryshchenko/Projects/design-neural-networks/lab04//raw-img/cane/OIP-JOhDHeDloIkf1KQOmg37oAHaF7.jpeg,cane,cane
/Users/viktorhryshchenko/Projects/design-neural-networks/lab04//raw-img/ragno/OIP-4fa_8wPKA1qm-AE5N0NR5gHaFG.jpeg,ragno,ragno
/Users/viktorhryshchenko/Projects/design-neural-networks/lab04//raw-img/cavallo/OIP-Ca23ef0W6FQVPkgVkDLboQHaFj.jpeg,cavallo,mucca
/Users/viktorhryshchenko/Projects/design-neural-networks/lab04//raw-img/cane/OIP-_zMo5Tuf5UyDimOFh9gDMAHaHa.jpeg,cane,mucca
/Users/viktorhryshchenko/Projects/design-neural-networks/lab04//raw-img/ragno/eb3db50928fc073ed1584d05fb1d4e9fe777ead218ac104497f5c97ca5ecb5b1_640.jpg,ragno,ragno
/Users/viktorhryshchenko/Projects/design-neural-networks/lab04//raw-img/cane/OIP-n90dhJPengHBDuSM-GNslwHaJt.jpeg,cane,cane
/Users/viktorhryshchenko/Projects/design-neural-networks/lab04//raw-img/farfalla/OIP-zn9k9S-fjvLCqybxjEv0wgHaFk.jpeg,farfalla,cane
/Users/viktorhryshchenko/Projects/design-neural-networks/lab04//raw-img/farfalla/ea36b60e2ef4033ed1584d05fb1d4e9fe777ead218ac104497f5c97faee9bdba_640.jpg,farfalla,ragno
/Users/viktorhryshchenko/Projects/design-neural-networks/lab04//raw-img/gallina/OIP-XnZDQTcFycD1YJ2fi68x2QHaGc.jpeg,gallina,cavallo
/Users/viktorhryshchenko/Projects/design-neural-networks/lab04//raw-img/scoiattolo/OIP-IS9eaR6SF6sXVAMg_tGIEgHaFf.jpeg,scoiattolo,cane
/Users/viktorhryshchenko/Projects/design-neural-networks/lab04//raw-img/cane/OIP-HofNw_P5mn1mTmjTNquLjQHaHm.jpeg,cane,cane
/Users/viktorhryshchenko/Projects/design-neural-networks/lab04//raw-img/ragno/ea34b40b2afd023ed1584d05fb1d4e9fe777ead218ac104497f5c97ca5ecb5b1_640.jpg,ragno,ragno
/Users/viktorhryshchenko/Projects/design-neural-networks/lab04//raw-img/ragno/OIP-FpA9zMuS3RQrVPuLStP-DwHaFj.jpeg,ragno,ragno
/Users/viktorhryshchenko/Projects/design-neural-networks/lab04//raw-img/elefante/OIP-SryMN6ARcaOtOB3HWJIyzQHaFj.jpeg,elefante,cavallo
/Users/viktorhryshchenko/Projects/design-neural-networks/lab04//raw-img/pecora/OIP-jOKC1wSBrVHYiM-6yvnQrQHaE8.jpeg,pecora,pecora
/Users/viktorhryshchenko/Projects/design-neural-networks/lab04//raw-img/ragno/OIP-cU0DjP35StUIBo5orf_V4gHaFj.jpeg,ragno,pecora
